名称,区域代码,人口
石家庄市,130100,"11,235,086"
长安区,130102,"1,059,572"
桥西区,130104,"979,646"
新华区,130105,"802,057"
井陉矿区,130107,"77,015"
裕华区,130108,"1,041,205"
藁城区,130109,"797,215"
鹿泉区,130110,"588,279"
栾城区,130111,"413,414"
井陉县,130121,"250,989"
正定县,130123,"549,321"
行唐县,130125,"376,627"
灵寿县,130126,"309,121"
高邑县,130127,"178,368"
深泽县,130128,"215,806"
赞皇县,130129,"242,549"
无极县,130130,"451,377"
平山县,130131,"423,333"
元氏县,130132,"392,710"
赵县,130133,"505,366"
辛集市,130181,"594,628"
晋州市,130183,"507,959"
新乐市,130184,"478,529"
唐山市,130200,"7,717,983"
路南区,130202,"334,204"
路北区,130203,"914,396"
古冶区,130204,"317,932"
开平区,130205,"279,432"
丰南区,130207,"648,640"
丰润区,130208,"840,934"
曹妃甸区,130209,"352,069"
滦南县,130224,"508,538"
乐亭县,130225,"487,416"
迁西县,130227,"365,615"
玉田县,130229,"664,906"
遵化市,130281,"707,047"
迁安市,130283,"776,752"
滦州市,130284,"520,102"
秦皇岛市,130300,"3,134,200"
海港区,130302,"1,000,822"
山海关区,130303,"150,500"
北戴河区,130304,"121,950"
抚宁区,130306,"407,442"
青龙满族自治县,130321,"506,615"
昌黎县,130322,"541,163"
卢龙县,130324,"405,708"
邯郸市,130400,"9,413,990"
邯山区,130402,"837,419"
丛台区,130403,"866,611"
复兴区,130404,"367,961"
峰峰矿区,130406,"429,245"
肥乡区,130407,"372,265"
永年区,130408,"851,227"
临漳县,130423,"589,003"
成安县,130424,"401,052"
大名县,130425,"726,396"
涉县,130426,"379,559"
磁县,130427,"440,728"
邱县,130430,"210,998"
鸡泽县,130431,"297,425"
广平县,130432,"264,025"
馆陶县,130433,"307,912"
魏县,130434,"796,806"
曲周县,130435,"463,727"
武安市,130481,"811,631"
邢台市,130500,"7,111,106"
襄都区,130502,"540,533"
信都区,130503,"798,770"
任泽区,130505,"342,869"
南和区,130506,"350,384"
临城县,130522,"199,793"
内丘县,130523,"258,260"
柏乡县,130524,"168,761"
隆尧县,130525,"480,447"
宁晋县,130528,"745,389"
巨鹿县,130529,"346,007"
新河县,130530,"134,095"
广宗县,130531,"280,603"
平乡县,130532,"323,675"
威县,130533,"496,230"
清河县,130534,"421,582"
临西县,130535,"326,968"
南宫市,130581,"396,718"
沙河市,130582,"500,022"
保定市,130600,"11,241,710"
竞秀区,130602,"522,813"
莲池区,130606,"913,541"
满城区,130607,"391,359"
清苑区,130608,"625,246"
徐水区,130609,"604,275"
涞水县,130623,"315,753"
阜平县,130624,"194,004"
定兴县,130626,"512,765"
唐县,130627,"505,849"
高阳县,130628,"318,986"
容城县,130629,"276,372"
涞源县,130630,"248,890"
望都县,130631,"233,790"
安新县,130632,"474,927"
易县,130633,"485,536"
曲阳县,130634,"573,975"
蠡县,130635,"488,152"
顺平县,130636,"269,678"
博野县,130637,"225,065"
雄县,130638,"401,248"
涿州市,130681,"667,678"
定州市,130682,"1,095,986"
安国市,130683,"363,091"
高碑店市,130684,"532,731"
张家口市,130700,"4,118,908"
桥东区,130702,"422,753"
桥西区,130703,"393,227"
宣化区,130705,"542,358"
下花园区,130706,"64,216"
万全区,130708,"216,795"
崇礼区,130709,"105,501"
张北县,130722,"325,795"
康保县,130723,"138,205"
沽源县,130724,"167,587"
尚义县,130725,"104,247"
蔚县,130726,"411,824"
阳原县,130727,"205,773"
怀安县,130728,"179,949"
怀来县,130730,"348,746"
涿鹿县,130731,"294,013"
赤城县,130732,"197,919"
承德市,130800,"3,354,444"
双桥区,130802,"493,806"
双滦区,130803,"187,361"
鹰手营子矿区,130804,"54,730"
承德县,130821,"340,579"
兴隆县,130822,"271,628"
滦平县,130824,"268,647"
隆化县,130825,"347,707"
丰宁满族自治县,130826,"326,353"
宽城满族自治县,130827,"240,579"
围场满族蒙古族自治县,130828,"423,676"
平泉市,130881,"399,378"
沧州市,130900,"7,831,297"
新华区,130902,"226,391"
运河区,130903,"353,200"
沧县,130921,"740,889"
青县,130922,"439,413"
东光县,130923,"384,736"
海兴县,130924,"236,162"
盐山县,130925,"495,170"
肃宁县,130926,"369,551"
南皮县,130927,"399,490"
吴桥县,130928,"281,237"
献县,130929,"661,330"
孟村回族自治县,130930,"232,487"
泊头市,130981,"631,330"
任丘市,130982,"900,987"
黄骅市,130983,"576,418"
河间市,130984,"902,506"
廊坊市,131000,"5,464,087"
安次区,131002,"479,826"
广阳区,131003,"667,765"
固安县,131022,"576,344"
永清县,131023,"384,767"
香河县,131024,"449,038"
大城县,131025,"481,902"
文安县,131026,"544,778"
大厂回族自治县,131028,"171,366"
霸州市,131081,"743,266"
三河市,131082,"965,075"
衡水市,131100,"4,555,864"
桃城区,131102,"647,441"
冀州区,131103,"344,658"
枣强县,131121,"405,367"
武邑县,131122,"318,554"
武强县,131123,"216,284"
饶阳县,131124,"290,772"
安平县,131125,"336,719"
故城县,131126,"525,962"
景县,131127,"547,723"
阜城县,131128,"354,296"
深州市,131182,"568,088"
太原市,140100,"5,304,061"
小店区,140105,"1,357,242"
迎泽区,140106,"594,238"
杏花岭区,140107,"779,479"
尖草坪区,140108,"530,499"
万柏林区,140109,"951,238"
晋源区,140110,"316,445"
清徐县,140121,"344,472"
阳曲县,140122,"128,483"
娄烦县,140123,"91,208"
古交市,140181,"210,757"
大同市,140200,"3,105,591"
新荣区,140212,"88,664"
平城区,140213,"1,105,699"
云冈区,140214,"684,753"
云州区,140215,"151,087"
阳高县,140221,"191,981"
天镇县,140222,"160,691"
广灵县,140223,"154,253"
灵丘县,140224,"212,771"
浑源县,140225,"237,749"
左云县,140226,"117,943"
阳泉市,140300,"1,318,505"
城区,140302,"225,443"
矿区,140303,"230,691"
郊区,140311,"275,094"
平定县,140321,"306,228"
盂县,140322,"281,049"
长治市,140400,"3,180,884"
潞州区,140403,"895,280"
上党区,140404,"319,660"
屯留区,140405,"253,756"
潞城区,140406,"219,256"
襄垣县,140423,"260,081"
平顺县,140425,"115,927"
黎城县,140426,"134,186"
壶关县,140427,"240,109"
长子县,140428,"298,690"
武乡县,140429,"155,386"
沁县,140430,"138,578"
沁源县,140431,"149,975"
晋城市,140500,"2,194,545"
城区,140502,"574,665"
沁水县,140521,"196,528"
阳城县,140522,"350,474"
陵川县,140524,"204,825"
泽州县,140525,"414,999"
高平市,140581,"453,054"
朔州市,140600,"1,593,444"
朔城区,140602,"565,075"
平鲁区,140603,"148,212"
山阴县,140621,"199,505"
应县,140622,"243,970"
右玉县,140623,"88,212"
怀仁市,140681,"348,470"
晋中市,140700,"3,379,498"
榆次区,140702,"904,518"
太谷区,140703,"322,099"
榆社县,140721,"111,714"
左权县,140722,"144,519"
和顺县,140723,"121,617"
昔阳县,140724,"190,861"
寿阳县,140725,"200,352"
祁县,140727,"254,535"
平遥县,140728,"450,697"
灵石县,140729,"246,491"
介休市,140781,"432,095"
运城市,140800,"4,774,508"
盐湖区,140802,"928,334"
临猗县,140821,"482,559"
万荣县,140822,"361,956"
闻喜县,140823,"355,269"
稷山县,140824,"316,114"
新绛县,140825,"282,230"
绛县,140826,"226,871"
垣曲县,140827,"197,772"
夏县,140828,"287,938"
平陆县,140829,"205,080"
芮城县,140830,"342,889"
永济市,140881,"394,935"
河津市,140882,"392,561"
忻州市,140900,"2,689,668"
忻府区,140902,"577,089"
定襄县,140921,"193,997"
五台县,140922,"233,228"
代县,140923,"178,870"
繁峙县,140924,"250,409"
宁武县,140925,"136,470"
静乐县,140926,"119,277"
神池县,140927,"75,757"
五寨县,140928,"100,220"
岢岚县,140929,"69,324"
河曲县,140930,"123,505"
保德县,140931,"144,218"
偏关县,140932,"73,382"
原平市,140981,"413,922"
临汾市,141000,"3,976,481"
尧都区,141002,"959,198"
曲沃县,141021,"216,595"
翼城县,141022,"264,181"
襄汾县,141023,"425,553"
洪洞县,141024,"637,812"
古县,141025,"79,816"
安泽县,141026,"75,574"
浮山县,141027,"98,833"
吉县,141028,"87,374"
乡宁县,141029,"206,892"
大宁县,141030,"52,166"
隰县,141031,"91,394"
永和县,141032,"49,946"
蒲县,141033,"95,679"
汾西县,141034,"104,627"
侯马市,141081,"257,854"
霍州市,141082,"272,987"
吕梁市,141100,"3,398,431"
离石区,141102,"456,355"
文水县,141121,"372,580"
交城县,141122,"226,768"
兴县,141123,"183,484"
临县,141124,"394,713"
柳林县,141125,"287,969"
石楼县,141126,"96,808"
岚县,141127,"148,315"
方山县,141128,"112,692"
中阳县,141129,"138,498"
交口县,141130,"95,313"
孝义市,141181,"477,289"
汾阳市,141182,"407,647"
呼和浩特市ᠬᠥᠬᠡᠬᠣᠲᠠ,150100,"3,446,100"
新城区ᠰᠢᠨ᠎ᠡᠬᠣᠲᠠᠲᠣᠭᠣᠷᠢᠭ,150102,"699,672"
回民区ᠬᠣᠲᠣᠩᠠᠷᠠᠳ ᠤᠨᠲᠣᠭᠣᠷᠢᠭ,150103,"436,042"
玉泉区ᠢᠤᠢᠴᠢᠤᠸᠠᠨᠲᠣᠭᠣᠷᠢᠭ,150104,"660,723"
赛罕区ᠰᠠᠶᠢᠬᠠᠨᠲᠣᠭᠣᠷᠢᠭ,150105,"885,321"
土默特左旗ᠲᠦᠮᠡᠳᠵᠡᠭᠦᠨᠬᠣᠰᠢᠭᠤ,150121,"263,131"
托克托县ᠲᠣᠭᠲᠠᠬᠤᠰᠢᠶᠠᠨ,150122,"166,192"
和林格尔县ᠬᠣᠷᠢᠨᠭᠡᠷᠰᠢᠶᠠᠨ,150123,"162,476"
清水河县ᠴᠢᠩᠱᠦᠢᠾᠧᠰᠢᠶᠠᠨ,150124,"76,674"
武川县ᠦᠴᠤᠸᠠᠨᠰᠢᠶᠠᠨ,150125,"95,869"
包头市ᠪᠤᠭᠤᠲᠤᠬᠣᠲᠠ,150200,"2,709,378"
东河区ᠳᠦᠩᠾᠧᠲᠣᠭᠣᠷᠢᠭ,150202,"484,218"
昆都仑区ᠬᠥᠨᠳᠡᠯᠡᠨᠲᠣᠭᠣᠷᠢᠭ,150203,"787,681"
青山区ᠴᠢᠩᠱᠠᠨᠲᠣᠭᠣᠷᠢᠭ,150204,"535,128"
石拐区ᠰᠢᠭᠤᠶᠢᠲᠤᠲᠣᠭᠣᠷᠢᠭ,150205,"24,745"
白云鄂博矿区ᠪᠠᠶᠠᠨᠣᠪᠣᠭ᠎ᠠᠠᠭᠤᠷᠬᠠᠢ ᠶᠢᠨᠲᠣᠭᠣᠷᠢᠭ,150206,"22,681"
九原区ᠵᠢᠦᠶᠤᠸᠠᠨᠲᠣᠭᠣᠷᠢᠭ,150207,"429,317"
土默特右旗ᠲᠦᠮᠡᠳᠪᠠᠷᠠᠭᠤᠨᠬᠣᠰᠢᠭᠤ,150221,"237,421"
固阳县ᠭᠦᠶᠡᠩᠰᠢᠶᠠᠨ,150222,"118,624"
达尔罕茂明安联合旗ᠳᠠᠷᠬᠠᠨᠮᠤᠤᠮᠢᠩᠭ᠋ᠠᠨᠬᠣᠯᠪᠣᠭᠠᠲᠤᠬᠣᠰᠢᠭᠤ,150223,"69,563"
乌海市ᠦᠬᠠᠢᠬᠣᠲᠠ,150300,"556,621"
海勃湾区ᠬᠠᠶᠢᠷᠤᠪ ᠤᠨᠲᠣᠬᠣᠢᠲᠣᠭᠣᠷᠢᠭ,150302,"339,155"
海南区ᠬᠠᠶᠢᠨᠠᠨᠲᠣᠭᠣᠷᠢᠭ,150303,"94,770"
乌达区ᠤᠳᠠᠲᠣᠭᠣᠷᠢᠭ,150304,"122,696"
赤峰市ᠤᠯᠠᠭᠠᠨᠬᠠᠳᠠᠬᠣᠲᠠ,150400,"4,035,967"
红山区ᠬᠣᠩᠱᠠᠨᠲᠣᠭᠣᠷᠢᠭ,150402,"469,079"
元宝山区ᠶᠤᠸᠠᠨᠪᠣᠣᠱᠠᠨᠲᠣᠭᠣᠷᠢᠭ,150403,"284,990"
松山区ᠰᠦᠩᠱᠠᠨᠲᠣᠭᠣᠷᠢᠭ,150404,"706,312"
阿鲁科尔沁旗ᠠᠷᠤᠬᠣᠷᠴᠢᠨᠬᠣᠰᠢᠭᠤ,150421,"240,360"
巴林左旗ᠪᠠᠭᠠᠷᠢᠨᠵᠡᠭᠦᠨᠬᠣᠰᠢᠭᠤ,150422,"277,522"
巴林右旗ᠪᠠᠭᠠᠷᠢᠨᠪᠠᠷᠠᠭᠤᠨᠬᠣᠰᠢᠭᠤ,150423,"155,027"
林西县ᠯᠢᠨᠰᠢᠰᠢᠶᠠᠨ,150424,"186,663"
克什克腾旗ᠬᠡᠰᠢᠭᠲᠡᠨᠬᠣᠰᠢᠭᠤ,150425,"186,143"
翁牛特旗ᠣᠩᠨᠢᠭᠤᠳᠬᠣᠰᠢᠭᠤ,150426,"333,970"
喀喇沁旗ᠬᠠᠷᠠᠴᠢᠨᠬᠣᠰᠢᠭᠤ,150428,"262,792"
宁城县ᠨᠢᠩᠴᠧᠩᠰᠢᠶᠠᠨ,150429,"484,397"
敖汉旗ᠠᠤᠬᠠᠨᠬᠣᠰᠢᠭᠤ,150430,"448,712"
通辽市ᠲᠦᠩᠯᠢᠶᠣᠤᠬᠣᠲᠠ,150500,"2,873,168"
科尔沁区ᠬᠣᠷᠴᠢᠨᠲᠣᠭᠣᠷᠢᠭ,150502,"921,808"
科尔沁左翼中旗ᠬᠣᠷᠴᠢᠨᠵᠡᠭᠦᠨᠭᠠᠷᠤᠨᠳᠤᠮᠳᠠᠳᠤᠬᠣᠰᠢᠭᠤ,150521,"399,631"
科尔沁左翼后旗ᠬᠣᠷᠴᠢᠨᠵᠡᠭᠦᠨᠭᠠᠷᠤᠨᠬᠣᠶᠢᠲᠤᠬᠣᠰᠢᠭᠤ,150522,"321,438"
开鲁县ᠺᠠᠶᠢᠯᠦᠰᠢᠶᠠᠨ,150523,"313,364"
库伦旗ᠬᠦᠷᠢᠶ᠎ᠡᠬᠣᠰᠢᠭᠤ,150524,"151,133"
奈曼旗ᠨᠠᠢᠮᠠᠨᠬᠣᠰᠢᠭᠤ,150525,"375,312"
扎鲁特旗ᠵᠠᠷᠤᠳᠬᠣᠰᠢᠭᠤ,150526,"251,806"
霍林郭勒市ᠬᠣᠣᠯᠢᠨᠭᠣᠣᠯᠬᠣᠲᠠ,150581,"138,676"
鄂尔多斯市ᠣᠷᠳᠣᠰᠬᠣᠲᠠ,150600,"2,153,638"
东胜区ᠳ᠋ᠦᠩᠱᠧᠩᠲᠣᠭᠣᠷᠢᠭ,150602,"574,242"
康巴什区ᠬᠢᠶ᠎ᠠᠪᠠᠭᠰᠢᠳᠤᠭᠤᠷᠢᠭ,150603,"118,796"
达拉特旗ᠳᠠᠯᠠᠳᠬᠣᠰᠢᠭᠤ,150621,"328,593"
准格尔旗ᠵᠡᠭᠦᠨᠭᠠᠷᠬᠣᠰᠢᠭᠤ,150622,"359,184"
鄂托克前旗ᠣᠲᠣᠭ ᠤᠨᠡᠮᠦᠨᠡᠳᠦᠬᠣᠰᠢᠭᠤ,150623,"92,724"
鄂托克旗ᠣᠲᠣᠭᠬᠣᠰᠢᠭᠤ,150624,"162,726"
杭锦旗ᠬᠠᠩᠭᠢᠨᠬᠣᠰᠢᠭᠤ,150625,"110,824"
乌审旗ᠦᠦᠰᠢᠨᠬᠣᠰᠢᠭᠤ,150626,"158,566"
伊金霍洛旗ᠡᠵᠡᠨᠬᠣᠷᠣᠭ᠎ᠠᠬᠣᠰᠢᠭᠤ,150627,"247,983"
巴彦淖尔市ᠪᠠᠶᠠᠨᠨᠠᠭᠤᠷᠬᠣᠲᠠ,150800,"1,538,715"
临河区ᠯᠢᠨᠾᠧᠲᠣᠭᠣᠷᠢᠭ,150802,"582,206"
五原县ᠦᠶᠤᠸᠠᠨᠰᠢᠶᠠᠨ,150821,"224,809"
磴口县ᠳ᠋ᠧᠩᠺᠧᠦᠰᠢᠶᠠᠨ,150822,"90,196"
乌拉特前旗ᠤᠷᠠᠳ ᠤᠨᠡᠮᠦᠨᠡᠳᠦᠬᠣᠰᠢᠭᠤ,150823,"257,826"
乌拉特中旗ᠤᠷᠠᠳ ᠤᠨᠳᠤᠮᠳᠠᠳᠤᠬᠣᠰᠢᠭᠤ,150824,"112,159"
乌拉特后旗ᠤᠷᠠᠳ ᠤᠨᠬᠣᠶᠢᠲᠤᠬᠣᠰᠢᠭᠤ,150825,"53,946"
杭锦后旗ᠬᠠᠩᠭᠢᠨᠬᠣᠶᠢᠲᠤᠬᠣᠰᠢᠭᠤ,150826,"217,573"
乌兰察布市ᠤᠯᠠᠭᠠᠨᠴᠠᠪᠬᠣᠲᠠ,150900,"1,706,328"
集宁区ᠵᠢᠨᠢᠩᠲᠣᠭᠣᠷᠢᠭ,150902,"425,059"
卓资县ᠵᠦᠸᠧᠽᠢᠰᠢᠶᠠᠨ,150921,"85,648"
化德县ᠬᠤᠸᠠᠳ᠋ᠧᠰᠢᠶᠠᠨ,150922,"95,273"
商都县ᠱᠠᠩᠳᠤᠰᠢᠶᠠᠨ,150923,"173,926"
兴和县ᠰᠢᠩᠾᠧᠰᠢᠶᠠᠨ,150924,"167,881"
凉城县ᠯᠢᠶᠠᠩᠴᠧᠩᠰᠢᠶᠠᠨ,150925,"119,061"
察哈尔右翼前旗ᠴᠠᠬᠠᠷᠪᠠᠷᠠᠭᠤᠨᠭᠠᠷᠤᠨᠡᠮᠦᠨᠡᠳᠦᠬᠣᠰᠢᠭᠤ,150926,"125,172"
察哈尔右翼中旗ᠴᠠᠬᠠᠷᠪᠠᠷᠠᠭᠤᠨᠭᠠᠷᠤᠨᠳᠤᠮᠳᠠᠳᠤᠬᠣᠰᠢᠭᠤ,150927,"86,108"
察哈尔右翼后旗ᠴᠠᠬᠠᠷᠪᠠᠷᠠᠭᠤᠨᠭᠠᠷᠤᠨᠬᠣᠶᠢᠲᠤᠬᠣᠰᠢᠭᠤ,150928,"103,599"
四子王旗ᠳᠥᠷᠪᠡᠳᠬᠣᠰᠢᠭᠤ,150929,"129,372"
丰镇市ᠹᠧᠩᠵᠧᠨᠬᠣᠲᠠ,150981,"195,229"
鞍山市,210300,"3,417,777"
铁东区,210302,"564,092"
铁西区,210303,"289,689"
立山区,210304,"397,650"
千山区,210311,"224,362"
台安县,210321,"365,110"
岫岩满族自治县,210323,"505,674"
海城市,210381,"1,071,200"
抚顺市,210400,"1,861,372"
新抚区,210402,"222,984"
东洲区,210403,"236,731"
望花区,210404,"396,257"
顺城区,210411,"466,126"
抚顺县,210421,"83,125"
新宾满族自治县,210422,"217,259"
清原满族自治县,210423,"238,890"
本溪市,210500,"1,326,018"
平山区,210502,"226,059"
溪湖区,210503,"204,660"
明山区,210504,"378,936"
南芬区,210505,"55,560"
本溪满族自治县,210521,"230,850"
桓仁满族自治县,210522,"229,953"
丹东市,210600,"2,188,436"
元宝区,210602,"202,325"
振兴区,210603,"423,538"
振安区,210604,"189,995"
宽甸满族自治县,210624,"334,636"
东港市,210681,"568,566"
凤城市,210682,"469,376"
锦州市,210700,"2,703,853"
古塔区,210702,"252,209"
凌河区,210703,"402,038"
太和区,210711,"457,602"
黑山县,210726,"451,206"
义县,210727,"305,996"
凌海市,210781,"412,513"
北镇市,210782,"422,289"
营口市,210800,"2,328,582"
站前区,210802,"261,439"
西市区,210803,"212,913"
鲅鱼圈区,210804,"541,113"
老边区,210811,"146,748"
盖州市,210881,"559,271"
大石桥市,210882,"607,098"
阜新市,210900,"1,647,280"
海州区,210902,"234,029"
新邱区,210903,"66,769"
太平区,210904,"142,171"
清河门区,210905,"51,394"
细河区,210911,"273,525"
阜新蒙古族自治县,210921,"545,749"
彰武县,210922,"333,643"
辽阳市,211000,"1,604,580"
白塔区,211002,"359,401"
文圣区,211003,"160,466"
宏伟区,211004,"142,491"
弓长岭区,211005,"80,870"
太子河区,211011,"134,604"
辽阳县,211021,"372,131"
灯塔市,211081,"354,617"
盘锦市,211100,"1,389,691"
双台子区,211102,"214,290"
兴隆台区,211103,"529,394"
大洼区,211104,"422,797"
盘山县,211122,"223,210"
铁岭市,211200,"2,388,294"
银州区,211202,"375,292"
清河区,211204,"84,693"
铁岭县,211221,"324,383"
西丰县,211223,"225,123"
昌图县,211224,"711,818"
调兵山市,211281,"206,058"
开原市,211282,"460,927"
朝阳市,211300,"2,872,857"
双塔区,211302,"463,543"
龙城区,211303,"222,065"
朝阳县,211321,"404,460"
建平县,211322,"455,826"
喀喇沁左翼蒙古族自治县,211324,"346,133"
北票市,211381,"439,998"
凌源市,211382,"540,832"
葫芦岛市,211400,"2,434,194"
连山区,211402,"468,110"
龙港区,211403,"294,250"
南票区,211404,"182,135"
绥中县,211421,"545,963"
建昌县,211422,"453,436"
兴城市,211481,"490,300"
吉林市,220200,"4,135,218"
昌邑区,220202,"608,539"
龙潭区,220203,"437,925"
船营区,220204,"459,794"
丰满区,220211,"291,777"
永吉县,220221,"379,664"
蛟河市,220281,"421,830"
桦甸市,220282,"421,509"
舒兰市,220283,"607,753"
磐石市,220284,"506,427"
四平市,220300,"1,814,733"
铁西区,220302,"314,307"
铁东区,220303,"313,650"
梨树县,220322,"537,145"
伊通满族自治县,220323,"331,873"
双辽市,220382,"317,758"
辽源市,220400,"996,903"
龙山区,220402,"327,079"
西安区,220403,"136,337"
东丰县,220421,"307,302"
东辽县,220422,"226,185"
通化市,220500,"1,812,114"
东昌区,220502,"355,346"
二道江区,220503,"91,571"
通化县,220521,"175,114"
辉南县,220523,"237,113"
柳河县,220524,"274,414"
梅河口市,220581,"509,336"
集安市,220582,"169,220"
白山市,220600,"951,866"
浑江区,220602,"307,982"
江源区,220605,"138,272"
抚松县,220621,"217,252"
靖宇县,220622,"108,478"
长白朝鲜族自治县,220623,"58,266"
临江市,220681,"121,616"
松原市,220700,"2,252,994"
宁江区,220702,"713,430"
前郭尔罗斯蒙古族自治县,220721,"407,385"
长岭县,220722,"451,620"
乾安县,220723,"205,542"
扶余市,220781,"475,017"
白城市,220800,"1,551,378"
洮北区,220802,"474,276"
镇赉县,220821,"217,387"
通榆县,220822,"281,589"
洮南市,220881,"307,215"
大安市,220882,"270,911"
齐齐哈尔市,230200,"4,067,489"
龙沙区,230202,"355,849"
建华区,230203,"332,566"
铁锋区,230204,"271,372"
昂昂溪区,230205,"67,824"
富拉尔基区,230206,"197,424"
碾子山区,230207,"56,553"
梅里斯达斡尔族区,230208,"125,399"
龙江县,230221,"414,285"
依安县,230223,"353,872"
泰来县,230224,"249,153"
甘南县,230225,"288,203"
富裕县,230227,"224,040"
克山县,230229,"255,041"
克东县,230230,"156,983"
拜泉县,230231,"282,019"
讷河市,230281,"436,906"
黑河市,231100,"1,286,401"
爱辉区,231102,"223,832"
逊克县,231123,"82,134"
孙吴县,231124,"73,387"
北安市,231181,"308,237"
五大连池市,231182,"243,283"
嫩江市,231183,"355,528"
大庆市,230600,"2,781,562"
萨尔图区,230602,"327,192"
龙凤区,230603,"524,606"
让胡路区,230604,"592,603"
红岗区,230605,"129,988"
大同区,230606,"180,266"
肇州县,230621,"306,036"
肇源县,230622,"330,340"
林甸县,230623,"191,238"
杜尔伯特蒙古族自治县,230624,"199,293"
伊春市,230700,"878,881"
伊美区,230717,"173,320"
乌翠区,230718,"72,259"
友好区,230719,"54,302"
金林区,230751,"60,466"
嘉荫县,230722,"56,523"
汤旺县,230723,"33,245"
丰林县,230724,"62,214"
大箐山县,230725,"57,697"
南岔县,230726,"82,895"
铁力市,230781,"225,960"
鹤岗市,230400,"891,271"
向阳区,230402,"72,867"
工农区,230403,"136,519"
南山区,230404,"119,662"
兴安区,230405,"99,013"
东山区,230406,"96,218"
兴山区,230407,"21,125"
萝北县,230421,"206,072"
绥滨县,230422,"139,795"
佳木斯市,230800,"2,156,505"
向阳区,230803,"295,017"
前进区,230804,"180,893"
东风区,230805,"121,305"
郊区,230811,"265,340"
桦南县,230822,"286,855"
桦川县,230826,"145,876"
汤原县,230828,"173,688"
同江市,230881,"176,112"
富锦市,230882,"414,090"
抚远市,230883,"97,329"
双鸭山市,230500,"1,208,803"
尖山区,230502,"262,359"
岭东区,230503,"27,498"
四方台区,230505,"39,550"
宝山区,230506,"72,475"
集贤县,230521,"243,945"
友谊县,230522,"101,080"
宝清县,230523,"331,377"
饶河县,230524,"130,519"
七台河市,230900,"689,611"
新兴区,230902,"158,418"
桃山区,230903,"204,111"
茄子河区,230904,"127,499"
勃利县,230921,"199,583"
鸡西市,230300,"1,502,060"
鸡冠区,230302,"402,345"
恒山区,230303,"87,822"
滴道区,230304,"65,980"
梨树区,230305,"39,833"
城子河区,230306,"69,951"
麻山区,230307,"17,301"
鸡东县,230321,"211,855"
虎林市,230381,"267,870"
密山市,230382,"339,103"
牡丹江市,231000,"2,290,208"
东安区,231002,"221,194"
阳明区,231003,"190,973"
爱民区,231004,"275,436"
西安区,231005,"242,412"
林口县,231025,"238,193"
绥芬河市,231081,"114,564"
海林市,231083,"292,755"
宁安市,231084,"322,127"
穆棱市,231085,"197,065"
东宁市,231086,"195,489"
绥化市,231200,"3,756,167"
北林区,231202,"698,025"
望奎县,231221,"286,848"
兰西县,231222,"308,684"
青冈县,231223,"287,557"
庆安县,231224,"260,592"
明水县,231225,"198,271"
绥棱县,231226,"211,907"
安达市,231281,"357,535"
肇东市,231282,"666,532"
海伦市,231283,"480,216"
徐州市,320300,"8,802,000"
鼓楼区,320302,"687,700"
云龙区,320303,"446,600"
贾汪区,320305,"431,700"
泉山区,320311,"732,300"
铜山区,320312,"1,052,400"
丰县,320321,"950,500"
沛县,320322,"1,118,800"
睢宁县,320324,"1,028,000"
新沂市,320381,"911,900"
邳州市,320382,"1,442,100"
连云港市,320700,"4,520,000"
连云区,320703,"279,000"
海州区,320706,"855,500"
赣榆区,320707,"969,000"
东海县,320722,"971,000"
灌云县,320723,"808,300"
灌南县,320724,"637,200"
宿迁市,321300,"5,912,600"
宿城区,321302,"981,600"
宿豫区,321311,"630,800"
沭阳县,321322,"1,567,200"
泗阳县,321323,"847,500"
泗洪县,321324,"898,800"
淮安市,320800,"4,925,000"
淮安区,320803,"1,033,000"
淮阴区,320804,"785,800"
清江浦区,320812,"934,700"
洪泽区,320813,"331,800"
涟水县,320826,"849,800"
盱眙县,320830,"657,000"
金湖县,320831,"332,900"
盐城市,320900,"6,709,629"
亭湖区,320902,"901,007"
盐都区,320903,"832,584"
大丰区,320904,"645,603"
响水县,320921,"459,156"
滨海县,320922,"820,084"
阜宁县,320923,"794,036"
射阳县,320924,"759,403"
建湖县,320925,"609,346"
东台市,320981,"888,410"
扬州市,321000,"4,531,000"
广陵区,321002,"531,900"
邗江区,321003,"706,800"
江都区,321012,"1,017,000"
宝应县,321023,"759,000"
仪征市,321081,"570,600"
高邮市,321084,"743,000"
泰州市,321200,"4,635,700"
海陵区,321202,"650,900"
高港区,321203,"254,200"
姜堰区,321204,"729,800"
兴化市,321281,"1,243,800"
靖江市,321282,"684,800"
泰兴市,321283,"1,072,200"
南通市,320600,"7,726,635"
通州区,320612,"1,258,739"
崇川区,320613,"1,516,013"
海门区,320614,"991,782"
如东县,320623,"880,006"
启东市,320681,"967,313"
如皋市,320682,"1,238,448"
海安市,320685,"874,334"
镇江市,321100,"3,210,418"
京口区,321102,"619,570"
润州区,321111,"299,956"
丹徒区,321112,"347,264"
丹阳市,321181,"988,900"
扬中市,321182,"315,462"
句容市,321183,"639,266"
常州市,320400,"5,278,121"
天宁区,320402,"668,906"
钟楼区,320404,"658,537"
新北区,320411,"883,125"
武进区,320412,"1,697,380"
金坛区,320413,"585,081"
溧阳市,320481,"785,092"
无锡市,320200,"6,574,500"
锡山区,320205,"707,700"
惠山区,320206,"712,200"
滨湖区,320211,"716,000"
梁溪区,320213,"961,500"
新吴区,320214,"569,200"
江阴市,320281,"1,651,800"
宜兴市,320282,"1,256,100"
苏州市,320500,"12,748,262"
虎丘区,320505,"832,499"
吴中区,320506,"1,388,972"
相城区,320507,"891,055"
姑苏区,320508,"2,058,010"
吴江区,320509,"1,545,023"
常熟市,320581,"1,677,050"
张家港市,320582,"1,432,044"
昆山市,320583,"2,092,496"
太仓市,320585,"831,113"
嘉兴市,330400,"5,400,868"
南湖区,330402,"839,433"
秀洲区,330411,"679,221"
嘉善县,330421,"648,160"
海盐县,330424,"456,775"
海宁市,330481,"1,076,199"
平湖市,330482,"671,326"
桐乡市,330483,"1,029,754"
舟山市,330900,"1,157,817"
定海区,330902,"500,030"
普陀区,330903,"382,902"
岱山县,330921,"207,982"
嵊泗县,330922,"66,903"
绍兴市,330600,"5,270,977"
越城区,330602,"1,020,037"
柯桥区,330603,"1,098,859"
上虞区,330604,"839,747"
新昌县,330624,"419,036"
诸暨市,330681,"1,218,072"
嵊州市,330683,"675,226"
衢州市,330800,"2,276,184"
柯城区,330802,"528,847"
衢江区,330803,"373,920"
常山县,330822,"259,966"
开化县,330824,"258,810"
龙游县,330825,"360,229"
江山市,330881,"494,412"
金华市,330700,"7,050,683"
婺城区,330702,"957,055"
金东区,330703,"506,935"
武义县,330723,"462,462"
浦江县,330726,"460,726"
磐安县,330727,"177,161"
兰溪市,330781,"574,801"
义乌市,330782,"1,859,390"
东阳市,330783,"1,087,950"
永康市,330784,"964,203"
台州市,331000,"6,622,888"
椒江区,331002,"826,074"
黄岩区,331003,"707,453"
路桥区,331004,"628,934"
三门县,331022,"379,469"
天台县,331023,"474,711"
仙居县,331024,"431,888"
温岭市,331081,"1,416,199"
临海市,331082,"1,114,146"
玉环市,331083,"644,014"
温州市,330300,"9,572,903"
鹿城区,330302,"1,167,164"
龙湾区,330303,"725,049"
瓯海区,330304,"963,238"
洞头区,330305,"148,807"
永嘉县,330324,"869,548"
平阳县,330326,"863,166"
苍南县,330327,"843,959"
文成县,330328,"288,168"
泰顺县,330329,"265,973"
瑞安市,330381,"1,520,046"
乐清市,330382,"1,453,090"
龙港市,330383,"464,695"
丽水市,331100,"2,507,396"
莲都区,331102,"562,116"
青田县,331121,"509,053"
缙云县,331122,"405,318"
遂昌县,331123,"194,385"
松阳县,331124,"204,880"
云和县,331125,"129,216"
庆元县,331126,"142,551"
景宁畲族自治县,331127,"111,011"
龙泉市,331181,"248,866"
合肥市,340100,"9,369,881"
瑶海区,340102,"1,328,507"
庐阳区,340103,"697,293"
蜀山区,340104,"1,874,930"
包河区,340111,"1,217,469"
长丰县,340121,783.982
肥东县,340122,"884,792"
肥西县,340123,"967,508"
庐江县,340124,"888,238"
巢湖市,340181,"727,162"
芜湖市,340200,"3,644,420"
镜湖区,340202,"478,658"
鸠江区,340207,"721,521"
弋江区,340209,"607,173"
湾沚区,340210,"344,016"
繁昌区,340212,"243,907"
南陵县,340223,"431,148"
无为市,340281,"817,997"
蚌埠市,340300,"3,296,408"
龙子湖区,340302,"216,875"
蚌山区,340303,"447,682"
禹会区,340304,"387,664"
淮上区,340311,"283,872"
怀远县,340321,"935,335"
五河县,340322,"523,531"
固镇县,340323,"501,449"
淮南市,340400,"3,033,528"
大通区,340402,"165,671"
田家庵区,340403,"730,078"
谢家集区,340404,"221,589"
八公山区,340405,"118,221"
潘集区,340406,"326,077"
凤台县,340421,"633,385"
寿县,340422,"838,507"
马鞍山市,340500,"2,159,930"
花山区,340503,"450,983"
雨山区,340504,"355,986"
博望区,340506,"158,483"
当涂县,340521,"446,991"
含山县,340522,"336,588"
和县,340523,"410,899"
淮北市,340600,"1,970,265"
杜集区,340602,"239,692"
相山区,340603,"548,934"
烈山区,340604,"249,237"
濉溪县,340621,"932,402"
铜陵市,340700,"1,311,726"
铜官区,340705,"450,949"
义安区,340706,"227,493"
郊区,340711,"164,233"
枞阳县,340722,"469,051"
安庆市,340800,"4,165,284"
迎江区,340802,"278,700"
大观区,340803,"214,112"
宜秀区,340811,"311,700"
怀宁县,340822,"496,683"
太湖县,340825,"430,465"
宿松县,340826,"612,586"
望江县,340827,"462,367"
岳西县,340828,"323,837"
桐城市,340881,"593,629"
潜山市,340882,"441,224"
黄山市,341000,"1,330,565"
屯溪区,341002,"291,188"
黄山区,341003,"146,942"
徽州区,341004,"96,162"
歙县,341021,"362,962"
休宁县,341022,"211,456"
黟县,341023,"76,211"
祁门县,341024,"145,644"
滁州市,341100,"3,987,054"
琅琊区,341102,"410,300"
南谯区,341103,"372,371"
来安县,341122,"416,048"
全椒县,341124,"395,633"
定远县,341125,"671,361"
凤阳县,341126,"631,934"
天长市,341181,"603,780"
明光市,341182,"485,627"
阜阳市,341200,"8,200,264"
颍州区,341202,"992,347"
颍东区,341203,"538,187"
颍泉区,341204,"598,004"
临泉县,341221,"1,658,442"
太和县,341222,"1,379,982"
阜南县,341225,"1,183,602"
颍上县,341226,"1,198,830"
界首市,341282,"650,870"
宿州市,341300,"5,324,476"
埇桥区,341302,"1,766,285"
砀山县,341321,"765,564"
萧县,341322,"1,054,597"
灵璧县,341323,"974,720"
泗县,341324,"763,310"
六安市,341500,"4,393,699"
金安区,341502,"829,236"
裕安区,341503,"923,301"
叶集区,341504,"216,229"
霍邱县,341522,"944,985"
舒城县,341523,"697,250"
金寨县,341524,"496,501"
霍山县,341525,"286,197"
亳州市,341600,"4,996,844"
谯城区,341602,"1,537,231"
涡阳县,341621,"1,170,719"
蒙城县,341622,"1,101,640"
利辛县,341623,"1,187,254"
池州市,341700,"1,342,764"
贵池区,341702,"615,274"
东至县,341721,"398,414"
石台县,341722,"80,612"
青阳县,341723,"248,464"
宣城市,341800,"2,500,063"
宣州区,341802,"774,332"
郎溪县,341821,"311,513"
泾县,341823,"275,837"
绩溪县,341824,"138,784"
旌德县,341825,"112,368"
宁国市,341881,"388,097"
广德市,341882,"499,132"
福州市 ,350100,"8,291,268"
鼓楼区,350102,"669,090"
台江区,350103,"411,819"
仓山区,350104,"1,142,991"
马尾区,350105,"290,554"
晋安区,350111,"789,775"
长乐区,350112,"790,262"
闽侯县,350121,"988,200"
连江县,350122,"639,498"
罗源县,350123,"255,214"
闽清县,350124,"256,181"
永泰县,350125,"281,216"
平潭县,350128,"385,981"
福清市,350181,"1,390,487"
南平市,350700,"2,680,645"
延平区,350702,"454,605"
建阳区,350703,"340,843"
顺昌县,350721,"179,064"
浦城县,350722,"297,719"
光泽县,350723,"130,294"
松溪县,350724,"130,867"
政和县,350725,"179,413"
邵武市,350781,"273,721"
武夷山市,350782,"259,668"
建瓯市,350783,"434,451"
三明市,350400,"2,486,450"
三元区,350404,"408,051"
沙县区,350405,"250,503"
明溪县,350421,"98,930"
清流县,350423,"118,029"
宁化县,350424,"261,579"
大田县,350425,"299,513"
尤溪县,350426,"341,638"
将乐县,350428,"144,943"
泰宁县,350429,"104,071"
建宁县,350430,"114,400"
永安市,350481,"344,793"
莆田市,350300,"3,210,714"
城厢区,350302,"547,422"
涵江区,350303,"479,605"
荔城区,350304,"673,935"
秀屿区,350305,"604,684"
仙游县,350322,"905,068"
泉州市,350500,"8,782,285"
鲤城区,350502,"428,361"
丰泽区,350503,"698,557"
洛江区,350504,"247,172"
泉港区,350505,"354,296"
惠安县,350521,"1,030,626"
安溪县,350524,"1,003,599"
永春县,350525,"422,531"
德化县,350526,"332,148"
石狮市,350581,"685,930"
晋江市,350582,"2,061,551"
南安市,350583,"1,517,514"
漳州市,350600,"5,054,328"
芗城区,350602,"638,060"
龙文区,350603,"301,883"
龙海区,350604,"952,000"
长泰区,350605,"228,235"
云霄县,350622,"411,558"
漳浦县,350623,"847,535"
诏安县,350624,"560,969"
东山县,350626,"219,511"
南靖县,350627,"305,259"
平和县,350628,"455,042"
华安县,350629,"134,276"
龙岩市,350800,"2,723,637"
新罗区,350802,"841,745"
永定区,350803,"325,880"
长汀县,350821,"397,470"
上杭县,350823,"376,392"
武平县,350824,"278,238"
连城县,350825,"250,518"
漳平市,350881,"253,394"
宁德市,350900,"3,146,789"
蕉城区,350902,"623,840"
霞浦县,350921,"475,936"
古田县,350922,"323,771"
屏南县,350923,"139,815"
寿宁县,350924,"177,960"
周宁县,350925,"149,567"
柘荣县,350926,"92,989"
福安市,350981,"609,779"
福鼎市,350982,"553,132"
南昌市,360100,"6,255,007"
东湖区,360102,"421,690"
西湖区,360103,"485,161"
青云谱区,360104,"349,074"
青山湖区,360111,"1,307,366"
新建区,360112,"810,614"
红谷滩区,360113,"555,755"
南昌县,360121,"1,452,502"
安义县,360123,"252,591"
进贤县,360124,"620,254"
九江市,360400,"4,600,276"
濂溪区,360402,"418,339"
浔阳区,360403,"433,122"
柴桑区,360404,"312,807"
武宁县,360423,"322,161"
修水县,360424,"710,620"
永修县,360425,"316,365"
德安县,360426,"167,090"
都昌县,360428,"577,684"
湖口县,360429,"227,462"
彭泽县,360430,"284,757"
瑞昌市,360481,"403,655"
共青城市,360482,"194,689"
庐山市,360483,"231,525"
景德镇市,360200,"1,618,979"
昌江区,360202,"201,363"
珠山区,360203,"383,453"
浮梁县,360222,"280,376"
乐平市,360281,"753,787"
鹰潭市,360600,"1,154,223"
月湖区,360602,"287,489"
余江区,360603,"326,162"
贵溪市,360681,"540,572"
新余市,360500,"1,202,499"
渝水区,360502,"927,950"
分宜县,360521,"274,549"
萍乡市,360300,"1,804,805"
安源区,360302,"553,293"
湘东区,360313,"304,423"
莲花县,360321,"216,938"
上栗县,360322,"469,957"
芦溪县,360323,"260,194"
赣州市,360700,"8,970,014"
章贡区,360702,"1,123,276"
南康区,360703,"888,474"
赣县区,360704,"576,310"
信丰县,360722,"673,763"
大余县,360723,"264,995"
上犹县,360724,"268,557"
崇义县,360725,"177,831"
安远县,360726,"346,435"
定南县,360728,"209,914"
全南县,360729,"169,503"
宁都县,360730,"702,394"
于都县,360731,"905,439"
兴国县,360732,"715,149"
会昌县,360733,"451,513"
寻乌县,360734,"280,219"
石城县,360735,"283,182"
瑞金市,360781,"613,894"
龙南市,360783,"319,166"
上饶市,361100,"6,491,088"
信州区,361102,"545,134"
广丰区,361103,"775,364"
广信区,361104,"748,265"
玉山县,361123,"519,357"
铅山县,361124,"386,200"
横峰县,361125,"187,326"
弋阳县,361126,"338,817"
余干县,361127,"840,498"
鄱阳县,361128,"1,184,097"
万年县,361129,"357,449"
婺源县,361130,"314,985"
德兴市,361181,"293,596"
抚州市,361000,"3,614,866"
临川区,361002,"1,102,421"
东乡区,361003,"383,846"
南城县,361021,"286,260"
黎川县,361022,"205,205"
南丰县,361023,"271,888"
崇仁县,361024,"302,181"
乐安县,361025,"307,909"
宜黄县,361026,"201,127"
金溪县,361027,"253,828"
资溪县,361028,"95,826"
广昌县,361030,"204,375"
宜春市,360900,"5,007,702"
袁州区,360902,"1,121,707"
奉新县,360921,"268,617"
万载县,360922,"486,435"
上高县,360923,"343,767"
宜丰县,360924,"252,974"
靖安县,360925,"121,800"
铜鼓县,360926,"116,418"
丰城市,360981,"1,065,641"
樟树市,360982,"485,649"
高安市,360983,"744,694"
吉安市,360800,"4,469,176"
吉州区,360802,"402,669"
青原区,360803,"240,730"
吉安县,360821,"469,513"
吉水县,360822,"421,849"
峡江县,360823,"149,954"
新干县,360824,"286,077"
永丰县,360825,"388,464"
泰和县,360826,"467,807"
遂川县,360827,"512,109"
万安县,360828,"250,991"
安福县,360829,"329,053"
永新县,360830,"393,984"
井冈山市,360881,"155,976"
聊城市,371500,"5,952,128"
东昌府区,371502,"1,008,594"
茌平区,371503,"517,641"
阳谷县,371521,"700,083"
莘县,371522,"930,370"
东阿县,371524,"346,053"
冠县,371525,"719,354"
高唐县,371526,"455,193"
临清市,371581,"794,529"
德州市,371400,"5,611,194"
德城区,371402,"1,005,084"
陵城区,371403,"486,794"
宁津县,371422,"473,314"
庆云县,371423,"318,105"
临邑县,371424,"473,421"
齐河县,371425,"576,375"
平原县,371426,"419,088"
夏津县,371427,"458,112"
武城县,371428,"353,721"
乐陵市,371481,"559,166"
禹城市,371482,"488,014"
东营市,370500,"2,193,518"
东营区,370502,"931,555"
河口区,370503,"244,931"
垦利区,370505,"257,104"
利津县,370522,"238,189"
广饶县,370523,"521,742"
淄博市,370300,"4,704,138"
淄川区,370302,"614,158"
张店区,370303,"1,313,777"
博山区,370304,"410,643"
临淄区,370305,"649,160"
周村区,370306,"398,733"
桓台县,370321,"489,479"
高青县,370322,"313,130"
沂源县,370323,"515,058"
潍坊市,370700,"9,386,705"
潍城区,370702,"521,368"
寒亭区,370703,"471,117"
坊子区,370704,"521,025"
奎文区,370705,"998,211"
临朐县,370724,"806,314"
昌乐县,370725,"583,799"
青州市,370781,"960,882"
诸城市,370782,"1,078,178"
寿光市,370783,"1,163,364"
安丘市,370784,"840,553"
高密市,370785,"877,393"
昌邑市,370786,"564,501"
烟台市,370600,"7,102,116"
芝罘区,370602,"877,237"
福山区,370611,"905,839"
牟平区,370612,"454,186"
莱山区,370613,"481,478"
蓬莱区,370614,"472,559"
龙口市,370681,"729,880"
莱阳市,370682,"794,986"
莱州市,370683,"824,708"
招远市,370685,"543,127"
栖霞市,370686,"435,405"
海阳市,370687,"582,711"
威海市,371000,"2,906,548"
环翠区,371002,"1,164,730"
文登区,371003,"563,529"
荣成市,371082,"714,211"
乳山市,371083,"464,078"
日照市,371100,"2,968,365"
东港区,371102,"1,172,205"
岚山区,371103,"379,308"
五莲县,371121,"443,600"
莒县,371122,"973,252"
临沂市,371300,"11,018,365"
兰山区,371302,"2,064,211"
罗庄区,371311,"679,333"
河东区,371312,"908,324"
沂南县,371321,"806,390"
郯城县,371322,"885,156"
沂水县,371323,"967,570"
兰陵县,371324,"1,104,391"
费县,371325,"798,403"
平邑县,371326,"892,276"
莒南县,371327,"841,035"
蒙阴县,371328,"485,252"
临沭县,371329,"586,024"
枣庄市,370400,"3,855,601"
市中区,370402,"613,015"
薛城区,370403,"593,590"
峄城区,370404,"362,524"
台儿庄区,370405,"305,102"
山亭区,370406,"406,722"
滕州市,370481,"1,574,648"
济宁市,370800,"8,357,897"
任城区,370811,"1,579,972"
兖州区,370812,"540,662"
微山县,370826,"613,421"
鱼台县,370827,"420,010"
金乡县,370828,"634,144"
嘉祥县,370829,"820,036"
汶上县,370830,"687,544"
泗水县,370831,"542,895"
梁山县,370832,"730,683"
曲阜市,370881,"621,971"
邹城市,370883,"1,166,559"
泰安市,370900,"5,472,217"
泰山区,370902,"799,971"
岱岳区,370911,"675,161"
宁阳县,370921,"668,520"
东平县,370923,"687,385"
新泰市,370982,"1,272,698"
肥城市,370983,"894,115"
滨州市,371600,"3,928,568"
滨城区,371602,"853,649"
沾化区,371603,"334,948"
惠民县,371621,"569,975"
阳信县,371622,"421,502"
无棣县,371623,"465,837"
博兴县,371625,"508,140"
邹平市,371681,"774,517"
菏泽市,371700,"8,795,939"
牡丹区,371702,"1,696,222"
定陶区,371703,"540,016"
曹县,371721,"1,384,282"
单县,371722,"1,026,555"
成武县,371723,"595,159"
巨野县,371724,"923,923"
郓城县,371725,"1,120,854"
鄄城县,371726,"747,972"
东明县,371728,"760,956"
郑州市,410100,"10,136,000"
中原区,410102,"1,080,900"
二七区,410103,"838,100"
管城回族区,410104,"835,700"
金水区,410105,"1,764,700"
上街区,410106,"144,000"
惠济区,410108,"303,500"
中牟县,410122,"1,161,600"
巩义市,410181,"838,300"
荥阳市,410182,"648,700"
新密市,410183,"813,100"
新郑市,410184,"989,900"
登封市,410185,"717,400"
开封市,410200,"4,824,016"
龙亭区,410202,"574,552"
顺河回族区,410203,"227,864"
鼓楼区,410204,"136,167"
禹王台区,410205,"124,859"
祥符区,410212,"672,139"
杞县,410221,"932,126"
通许县,410222,"539,222"
尉氏县,410223,"839,809"
兰考县,410225,"777,278"
洛阳市,410300,"6,888,500"
老城区,410302,"197,800"
西工区,410303,"367,500"
瀍河回族区,410304,"194,300"
涧西区,410305,"699,300"
偃师区,410307,"572,900"
孟津区,410308,"502,400"
洛龙区,410311,"719,600"
新安县,410323,"490,200"
栾川县,410324,"351,400"
嵩县,410325,"521,400"
汝阳县,410326,"428,900"
宜阳县,410327,"616,900"
洛宁县,410328,"435,700"
伊川县,410329,"790,300"
平顶山市,410400,"5,027,700"
新华区,410402,"409,800"
卫东区,410403,"321,700"
石龙区,410404,"51,500"
湛河区,410411,"303,400"
宝丰县,410421,"500,400"
叶县,410422,"784,700"
鲁山县,410423,"787,600"
郏县,410425,"578,400"
舞钢市,410481,"321,800"
汝州市,410482,"968,400"
安阳市,410500,"5,176,000"
文峰区,410502,"445,700"
北关区,410503,"326,100"
殷都区,410505,"276,500"
龙安区,410506,"287,200"
安阳县,410522,"844,700"
汤阴县,410523,"442,700"
滑县,410526,"1,071,000"
内黄县,410527,"667,100"
林州市,410581,"815,000"
鹤壁市,410600,"1,565,973"
鹤山区,410602,"62,713"
山城区,410603,"155,449"
淇滨区,410611,"460,780"
浚县,410621,"624,728"
淇县,410622,"262,303"
新乡市,410700,"5,794,100"
红旗区,410702,"456,400"
卫滨区,410703,"224,900"
凤泉区,410704,"158,400"
牧野区,410711,"339,700"
新乡县,410721,"347,900"
获嘉县,410724,"414,000"
原阳县,410725,"650,000"
延津县,410726,"456,900"
封丘县,410727,"717,100"
卫辉市,410781,"490,700"
辉县市,410782,"759,000"
长垣市,410783,"779,100"
焦作市,410800,"3,521,078"
解放区,410802,"347,382"
中站区,410803,"107,281"
马村区,410804,"120,560"
山阳区,410811,"510,251"
修武县,410821,"248,585"
博爱县,410822,"350,140"
武陟县,410823,"661,341"
温县,410825,"393,838"
沁阳市,410882,"447,487"
孟州市,410883,"334,213"
濮阳市,410900,"3,772,088"
华龙区,410902,"963,512"
清丰县,410922,"592,425"
南乐县,410923,"476,557"
范县,410926,"447,760"
台前县,410927,"323,113"
濮阳县,410928,"968,721"
许昌市,411000,"4,379,998"
魏都区,411002,"627,059"
建安区,411003,"710,881"
鄢陵县,411024,"547,411"
襄城县,411025,"674,832"
禹州市,411081,"1,109,782"
长葛市,411082,"710,033"
漯河市,411100,"2,367,490"
源汇区,411102,"322,334"
郾城区,411103,"505,302"
召陵区,411104,"499,051"
舞阳县,411121,"447,130"
临颍县,411122,"593,673"
三门峡市,411200,"2,034,872"
湖滨区,411202,"326,682"
陕州区,411203,"288,538"
渑池县,411221,"310,130"
卢氏县,411224,"317,132"
义马市,411281,"135,819"
灵宝市,411282,"656,571"
南阳市,411300,"9,713,112"
宛城区,411302,"992,021"
卧龙区,411303,"1,093,659"
南召县,411321,"545,475"
方城县,411322,"873,731"
西峡县,411323,"450,418"
镇平县,411324,"829,780"
内乡县,411325,"549,068"
淅川县,411326,"538,569"
社旗县,411327,"561,573"
唐河县,411328,"1,052,978"
新野县,411329,"602,827"
桐柏县,411330,"375,206"
邓州市,411381,"1,247,807"
商丘市,411400,"7,816,831"
梁园区,411402,"946,752"
睢阳区,411403,"912,971"
民权县,411421,"746,389"
睢县,411422,"723,771"
宁陵县,411423,"562,657"
柘城县,411424,"799,213"
虞城县,411425,"972,091"
夏邑县,411426,"896,578"
永城市,411481,"1,256,409"
周口市,411600,"9,026,015"
川汇区,411602,"698,341"
淮阳区,411603,"1,022,322"
扶沟县,411621,"553,830"
西华县,411622,"692,846"
商水县,411623,"960,453"
沈丘县,411624,"956,631"
郸城县,411625,"1,057,093"
太康县,411627,"1,152,685"
鹿邑县,411628,"958,617"
项城市,411681,"973,197"
驻马店市,411700,"7,008,427"
驿城区,411702,"1,025,543"
西平县,411721,"647,311"
上蔡县,411722,"1,005,745"
平舆县,411723,"728,672"
正阳县,411724,"625,123"
确山县,411725,"403,044"
泌阳县,411726,"695,239"
汝南县,411727,"612,551"
遂平县,411728,"441,370"
新蔡县,411729,"823,829"
信阳市,411500,"6,234,401"
浉河区,411502,"640,133"
平桥区,411503,"875,617"
罗山县,411521,"493,208"
光山县,411522,"593,486"
新县,411523,"278,620"
商城县,411524,"459,488"
固始县,411525,"1,041,399"
潢川县,411526,"636,679"
淮滨县,411527,"549,603"
息县,411528,"666,168"
十堰市,420300,"3,209,004"
茅箭区,420302,"601,548"
张湾区,420303,"431,859"
郧阳区,420304,"395,222"
郧西县,420322,"371,012"
竹山县,420323,"346,069"
竹溪县,420324,"283,578"
房县,420325,"369,776"
丹江口市,420381,"409,940"
襄阳市,420600,"5,669,000"
襄城区,420602,"512,700"
樊城区,420606,"910,200"
襄州区,420607,"921,300"
南漳县,420624,"545,400"
谷城县,420625,"509,500"
保康县,420626,"257,800"
老河口市,420682,"481,500"
枣阳市,420683,"1,003,800"
宜城市,420684,"526,800"
荆门市,420800,"2,596,927"
东宝区,420802,"354,207"
掇刀区,420804,"433,263"
沙洋县,420822,"395,717"
钟祥市,420881,"868,897"
京山市,420882,"544,843"
孝感市,420900,"4,270,371"
孝南区,420902,"988,479"
孝昌县,420921,"483,367"
大悟县,420922,"486,153"
云梦县,420923,"434,124"
应城市,420981,"476,596"
安陆市,420982,"498,356"
汉川市,420984,"903,296"
黄冈市,421100,"5,882,719"
黄州区,421102,"456,862"
团风县,421121,"266,218"
红安县,421122,"510,189"
罗田县,421123,"473,195"
英山县,421124,"310,180"
浠水县,421125,"716,273"
蕲春县,421126,"792,101"
黄梅县,421127,"787,783"
麻城市,421181,"893,654"
武穴市,421182,"676,264"
鄂州市,420700,"1,079,353"
梁子湖区,420702,"126,822"
华容区,420703,"256,834"
鄂城区,420704,"695,697"
黄石市,420200,"2,469,079"
黄石港区,420202,"241,589"
西塞山区,420203,"197,217"
下陆区,420204,"215,181"
铁山区,420205,"41,907"
阳新县,420222,"901,971"
大冶市,420281,"871,214"
咸宁市,421200,"2,658,316"
咸安区,421202,"657,590"
嘉鱼县,421221,"285,642"
通城县,421222,"426,288"
崇阳县,421223,"427,130"
通山县,421224,"391,311"
赤壁市,421281,"470,355"
荆州市,421000,"5,231,180"
沙市区,421002,"694,977"
荆州区,421003,"563,398"
公安县,421022,"747,134"
江陵县,421024,"278,192"
石首市,421081,"473,707"
洪湖市,421083,"698,188"
松滋市,421087,"654,762"
监利市,421088,"1,120,822"
宜昌市,420500,"4,017,607"
西陵区,420502,"537,686"
伍家岗区,420503,"336,294"
点军区,420504,"101,649"
猇亭区,420505,"68,728"
夷陵区,420506,"560,383"
远安县,420525,"181,174"
兴山县,420526,"153,886"
秭归县,420527,"324,642"
长阳土家族自治县,420528,"336,922"
五峰土家族自治县,420529,"171,026"
宜都市,420581,"367,374"
当阳市,420582,"430,465"
枝江市,420583,"447,378"
随州市,421300,"2,047,923"
曾都区,421303,"699,475"
随县,421321,"637,548"
广水市,421381,"710,900"
长沙市,430100,"10,047,914"
芙蓉区,430102,"642,010"
天心区,430103,"836,157"
岳麓区,430104,"1,526,641"
开福区,430105,"820,790"
雨花区,430111,"1,264,895"
望城区,430112,"890,214"
长沙县,430121,"1,374,491"
浏阳市,430181,"1,429,384"
宁乡市,430182,"1,263,332"
衡阳市,430400,"6,645,243"
珠晖区,430405,"337,337"
雁峰区,430406,"247,791"
石鼓区,430407,"227,515"
蒸湘区,430408,"478,072"
南岳区,430412,"70,370"
衡阳县,430421,"888,433"
衡南县,430422,"796,327"
衡山县,430423,"335,704"
衡东县,430424,"565,423"
祁东县,430426,"766,920"
耒阳市,430481,"1,140,675"
常宁市,430482,"790,676"
张家界市,430800,"1,517,027"
永定区,430802,"517,595"
武陵源区,430811,"60,857"
慈利县,430821,"562,493"
桑植县,430822,"376,082"
常德市,430700,"5,279,102"
武陵区,430702,"730,970"
鼎城区,430703,"738,085"
安乡县,430721,"427,412"
汉寿县,430722,"706,249"
澧县,430723,"721,927"
临澧县,430724,"373,043"
桃源县,430725,"809,220"
石门县,430726,"559,457"
津市市,430781,"212,739"
益阳市,430900,"3,851,564"
资阳区,430902,"356,405"
赫山区,430903,"889,068"
南县,430921,"572,367"
桃江县,430922,"685,596"
安化县,430923,"780,969"
沅江市,430981,"567,159"
岳阳市,430600,"5,051,922"
岳阳楼区,430602,"980,401"
云溪区,430603,"153,657"
君山区,430611,"201,634"
岳阳县,430621,"561,888"
华容县,430623,"553,800"
湘阴县,430624,"583,984"
平江县,430626,"951,112"
汨罗市,430681,"632,246"
临湘市,430682,"433,200"
株洲市,430200,"3,902,738"
荷塘区,430202,"348,894"
芦淞区,430203,"307,012"
石峰区,430204,"339,452"
天元区,430211,"478,309"
渌口区,430212,"260,534"
攸县,430223,"630,427"
茶陵县,430224,"491,849"
炎陵县,430225,"160,274"
醴陵市,430281,"885,987"
湘潭市,430300,"2,726,181"
雨湖区,430302,"616,130"
岳塘区,430304,"483,762"
湘潭县,430321,"792,829"
湘乡市,430381,"730,103"
韶山市,430382,"103,357"
郴州市,431000,"4,667,134"
北湖区,431002,"567,778"
苏仙区,431003,"435,836"
桂阳县,431021,"709,372"
宜章县,431022,"567,970"
永兴县,431023,"538,532"
嘉禾县,431024,"343,169"
临武县,431025,"322,987"
汝城县,431026,"344,617"
桂东县,431027,"160,956"
安仁县,431028,"351,927"
资兴市,431081,"322,990"
永州市,431100,"5,289,824"
零陵区,431102,"563,556"
冷水滩区,431103,"583,136"
东安县,431122,"490,385"
双牌县,431123,"157,140"
道县,431124,"621,275"
江永县,431125,"235,699"
宁远县,431126,"684,121"
蓝山县,431127,"329,909"
新田县,431128,"343,595"
江华瑶族自治县,431129,"448,195"
祁阳市,431181,"832,813"
邵阳市,430500,"6,563,520"
双清区,430502,"317,283"
大祥区,430503,"362,289"
北塔区,430511,"122,658"
新邵县,430522,"612,943"
邵阳县,430523,"752,125"
隆回县,430524,"1,009,778"
洞口县,430525,"675,495"
绥宁县,430527,"290,664"
新宁县,430528,"513,777"
城步苗族自治县,430529,"227,911"
武冈市,430581,"640,181"
邵东市,430582,"1,038,416"
怀化市,431200,"4,587,594"
鹤城区,431202,"712,584"
中方县,431221,"233,378"
沅陵县,431222,"510,054"
辰溪县,431223,"407,578"
溆浦县,431224,"757,797"
会同县,431225,"291,067"
麻阳苗族自治县,431226,"313,305"
新晃侗族自治县,431227,"220,775"
芷江侗族自治县,431228,"307,661"
靖州苗族侗族自治县,431229,"233,638"
通道侗族自治县,431230,"201,047"
洪江市,431281,"398,710"
娄底市,431300,"3,826,996"
娄星区,431302,"752,530"
双峰县,431321,"685,917"
新化县,431322,"1,196,538"
冷水江市,431381,"329,912"
涟源市,431382,"862,099"
清远市,441800,"3,969,473"
清城区,441802,"1,119,901"
清新区,441803,"618,523"
佛冈县,441821,"315,502"
阳山县,441823,"367,175"
连山壮族瑶族自治县,441825,"95,136"
连南瑶族自治县,441826,"134,691"
英德市,441881,"941,325"
连州市,441882,"377,220"
韶关市,440200,"2,855,131"
武江区,440203,"373,686"
浈江区,440204,"364,319"
曲江区,440205,"290,455"
始兴县,440222,"198,060"
仁化县,440224,"186,009"
翁源县,440229,"322,482"
乳源瑶族自治县,440232,"187,276"
新丰县,440233,"195,430"
乐昌市,440281,"383,498"
南雄市,440282,"353,916"
河源市,441600,"2,837,686"
源城区,441602,"703,607"
紫金县,441621,"551,095"
龙川县,441622,"595,471"
连平县,441623,"285,224"
和平县,441624,"353,903"
东源县,441625,"348,386"
梅州市,441400,"3,873,239"
梅江区,441402,"435,616"
梅县区,441403,"556,735"
大埔县,441422,"330,948"
丰顺县,441423,"478,731"
五华县,441424,"916,961"
平远县,441426,"190,482"
蕉岭县,441427,"184,355"
兴宁市,441481,"779,411"
潮州市,445100,"2,568,387"
湘桥区,445102,"575,795"
潮安区,445103,"1,175,150"
饶平县,445122,"817,442"
汕头市,440500,"5,502,031"
龙湖区,440507,"630,749"
金平区,440511,"777,024"
濠江区,440512,"269,471"
潮阳区,440513,"1,654,276"
潮南区,440514,"1,231,638"
澄海区,440515,"874,444"
南澳县,440523,"64,429"
揭阳市,445200,"5,577,814"
榕城区,445202,"931,868"
揭东区,445203,"931,719"
揭西县,445222,"674,829"
惠来县,445224,"1,040,779"
普宁市,445281,"1,998,619"
汕尾市,441500,"2,672,819"
城区,441502,"450,959"
海丰县,441521,"736,791"
陆河县,441523,"249,242"
陆丰市,441581,"1,235,827"
惠州市,441300,"6,042,852"
惠城区,441302,"2,090,578"
惠阳区,441303,"1,404,137"
博罗县,441322,"1,210,878"
惠东县,441323,"1,018,076"
龙门县,441324,"319,183"
东莞市,441900,10466625
珠海市,440400,"2,439,585"
香洲区,440402,"1,384,317"
斗门区,440403,"608,899"
金湾区,440404,"446,369"
中山市,442000,4418060
江门市,440700,"4,798,090"
蓬江区,440703,"853,007"
江海区,440704,"364,694"
新会区,440705,"909,277"
台山市,440781,"907,744"
开平市,440783,"748,777"
鹤山市,440784,"530,684"
恩平市,440785,"483,907"
佛山市,440600,"9,498,863"
禅城区,440604,"1,330,262"
南海区,440605,"3,667,247"
顺德区,440606,"3,229,090"
三水区,440607,"803,226"
高明区,440608,"469,038"
肇庆市,441200,"4,113,594"
端州区,441202,"602,402"
鼎湖区,441203,"209,116"
高要区,441204,"741,591"
广宁县,441223,"408,112"
怀集县,441224,"805,177"
封开县,441225,"374,848"
德庆县,441226,"331,438"
四会市,441284,"640,910"
云浮市,445300,"2,383,350"
云城区,445302,"408,537"
云安区,445303,"235,390"
新兴县,445321,"430,831"
郁南县,445322,"371,661"
罗定市,445381,"936,931"
阳江市,441700,"2,602,959"
江城区,441702,"814,688"
阳东区,441704,"478,299"
阳西县,441721,"434,076"
阳春市,441781,"875,896"
茂名市,440900,"6,174,050"
茂南区,440902,"1,035,411"
电白区,440904,"1,503,737"
高州市,440981,"1,328,657"
化州市,440982,"1,291,668"
信宜市,440983,"1,014,577"
湛江市,440800,"6,981,236"
赤坎区,440802,"390,300"
霞山区,440803,"677,642"
坡头区,440804,"337,723"
麻章区,440811,"525,790"
遂溪县,440823,"824,608"
徐闻县,440825,"633,258"
廉江市,440881,"1,363,470"
雷州市,440882,"1,321,091"
吴川市,440883,"907,354"
南宁市,450100,"8,741,584"
兴宁区,450102,"615,485"
青秀区,450103,"1,124,334"
江南区,450105,"989,823"
西乡塘区,450107,"1,643,819"
良庆区,450108,"587,618"
邕宁区,450109,"332,280"
武鸣区,450110,"683,826"
隆安县,450123,"325,140"
马山县,450124,"382,430"
上林县,450125,"359,323"
宾阳县,450126,"801,407"
横州市,450181,"896,099"
桂林市,450300,"4,931,137"
秀峰区,450302,"161,066"
叠彩区,450303,"202,875"
象山区,450304,"286,872"
七星区,450305,"387,304"
雁山区,450311,"132,639"
临桂区,450312,"555,109"
阳朔县,450321,"273,124"
灵川县,450323,"422,776"
全州县,450324,"565,696"
兴安县,450325,"307,043"
永福县,450326,"228,646"
灌阳县,450327,"208,412"
龙胜各族自治县,450328,"139,483"
资源县,450329,"139,212"
平乐县,450330,"340,921"
恭城瑶族自治县,450332,"245,432"
荔浦市,450381,"334,527"
柳州市,450200,"4,157,934"
城中区,450202,"243,628"
鱼峰区,450203,"668,961"
柳南区,450204,"617,925"
柳北区,450205,"484,765"
柳江区,450206,"503,772"
柳城县,450222,"314,242"
鹿寨县,450223,"337,298"
融安县,450224,"253,360"
融水苗族自治县,450225,"412,445"
三江侗族自治县,450226,"321,538"
梧州市,450400,"2,820,977"
万秀区,450403,"271,989"
长洲区,450405,"299,344"
龙圩区,450406,"288,482"
苍梧县,450421,"276,766"
藤县,450422,"795,612"
蒙山县,450423,"164,420"
岑溪市,450481,"724,364"
贵港市,450800,"4,316,262"
港北区,450802,"760,633"
港南区,450803,"516,598"
覃塘区,450804,"423,747"
平南县,450821,"1,104,273"
桂平市,450881,"1,511,011"
玉林市,450900,"5,796,766"
玉州区,450902,"908,121"
福绵区,450903,"318,709"
容县,450921,"654,916"
陆川县,450922,"804,427"
博白县,450923,"1,390,612"
兴业县,450924,"508,344"
北流市,450981,"1,211,637"
钦州市,450700,"3,302,238"
钦南区,450702,"679,692"
钦北区,450703,"720,442"
灵山县,450721,"1,218,140"
浦北县,450722,"683,964"
北海市,450500,"1,853,227"
海城区,450502,"527,895"
银海区,450503,"315,196"
铁山港区,450512,"145,943"
合浦县,450521,"864,193"
崇左市,451400,"2,088,692"
江州区,451402,"435,438"
扶绥县,451421,"408,921"
宁明县,451422,"319,386"
龙州县,451423,"232,068"
大新县,451424,"282,563"
天等县,451425,"280,473"
凭祥市,451481,"129,843"
百色市,451000,"3,571,505"
右江区,451002,"472,086"
田阳区,451003,"308,785"
田东县,451022,"352,007"
德保县,451024,"269,758"
那坡县,451026,"171,781"
凌云县,451027,"188,194"
乐业县,451028,"146,397"
田林县,451029,"224,828"
西林县,451030,"142,098"
隆林各族自治县,451031,"350,765"
靖西市,451081,"489,163"
平果市,451082,"455,643"
河池市,451200,"3,417,945"
金城江区,451202,"372,521"
宜州区,451203,"549,359"
南丹县,451221,"275,554"
天峨县,451222,"143,155"
凤山县,451223,"169,845"
东兰县,451224,"219,549"
罗城仫佬族自治县,451225,"272,672"
环江毛南族自治县,451226,"276,076"
巴马瑶族自治县,451227,"236,152"
都安瑶族自治县,451228,"538,061"
大化瑶族自治县,451229,"365,001"
来宾市,451300,"2,074,611"
兴宾区,451302,"925,377"
忻城县,451321,"297,825"
象州县,451322,"281,846"
武宣县,451323,"340,312"
金秀瑶族自治县,451324,"130,313"
合山市,451381,"98,938"
贺州市,451100,"2,007,858"
八步区,451102,"655,994"
平桂区,451103,"404,161"
昭平县,451121,"330,116"
钟山县,451122,"351,057"
富川瑶族自治县,451123,"266,530"
海口市,460100,"2,873,358"
秀英区,460105,"567,108"
龙华区,460106,"797,684"
琼山区,460107,"655,553"
美兰区,460108,"853,013"
三亚市,460200,"1,031,396"
海棠区,460202,"113,481"
吉阳区,460203,"447,322"
天涯区,460204,"353,698"
崖州区,460205,"116,895"
三沙市,460300,1800
西沙区,460321,1800
南沙区,460322,0
中沙群岛,460323,0
儋州市,460400,932362
广元市,510800,"2,305,657"
利州区,510802,"621,978"
昭化区,510811,"134,202"
朝天区,510812,"126,506"
旺苍县,510821,"330,108"
青川县,510822,"156,387"
剑阁县,510823,"423,859"
苍溪县,510824,"512,617"
绵阳市,510700,"4,868,243"
涪城区,510703,"1,298,524"
游仙区,510704,"561,379"
安州区,510705,"372,962"
三台县,510722,"955,811"
盐亭县,510723,"370,739"
梓潼县,510725,"276,996"
北川羌族自治县,510726,"174,132"
平武县,510727,"126,357"
江油市,510781,"731,343"
德阳市,510600,"3,456,161"
旌阳区,510603,"828,189"
罗江区,510604,"209,088"
中江县,510623,"946,019"
广汉市,510681,"626,132"
什邡市,510682,"406,775"
绵竹市,510683,"439,958"
南充市,511300,"5,607,565"
顺庆区,511302,"834,294"
高坪区,511303,"570,415"
嘉陵区,511304,"531,825"
南部县,511321,"817,235"
营山县,511322,"620,480"
蓬安县,511323,"461,485"
仪陇县,511324,"729,141"
西充县,511325,"420,023"
阆中市,511381,"622,667"
广安市,511600,"3,254,883"
广安区,511602,"744,115"
前锋区,511603,"232,255"
岳池县,511621,"742,747"
武胜县,511622,"555,897"
邻水县,511623,"707,537"
华蓥市,511681,"272,332"
遂宁市,510900,"2,814,196"
船山区,510903,"832,863"
安居区,510904,"431,310"
蓬溪县,510921,"430,344"
大英县,510923,"387,299"
射洪市,510981,"732,380"
内江市,511000,"3,140,678"
市中区,511002,"425,020"
东兴区,511011,"754,120"
威远县,511024,"547,059"
资中县,511025,"845,579"
隆昌市,511083,"568,900"
乐山市,511100,"3,160,168"
市中区,511102,"814,597"
沙湾区,511111,"144,931"
五通桥区,511112,"237,933"
金口河区,511113,"38,727"
犍为县,511123,"416,673"
井研县,511124,"280,641"
夹江县,511126,"305,441"
沐川县,511129,"192,313"
峨边彝族自治县,511132,"121,554"
马边彝族自治县,511133,"188,251"
峨眉山市,511181,"419,107"
自贡市,510300,"2,489,256"
自流井区,510302,"481,981"
贡井区,510303,"226,704"
大安区,510304,"291,645"
沿滩区,510311,"297,365"
荣县,510321,"469,488"
富顺县,510322,"722,073"
泸州市,510500,"4,254,149"
江阳区,510502,"761,576"
纳溪区,510503,"354,846"
龙马潭区,510504,"479,697"
泸县,510521,"764,362"
合江县,510522,"688,731"
叙永县,510524,"552,979"
古蔺县,510525,"651,958"
宜宾市,511500,"4,588,804"
翠屏区,511502,"887,359"
南溪区,511503,"332,796"
叙州区,511504,"938,157"
江安县,511523,"424,470"
长宁县,511524,"327,904"
高县,511525,"380,893"
珙县,511526,"339,200"
筠连县,511527,"332,805"
兴文县,511528,"380,036"
屏山县,511529,"245,184"
攀枝花市,510400,"1,212,203"
东区,510402,"411,427"
西区,510403,"129,406"
仁和区,510411,"265,562"
米易县,510421,"227,011"
盐边县,510422,"178,797"
巴中市,511900,"2,712,894"
巴州区,511902,"719,038"
恩阳区,511903,"345,728"
通江县,511921,"521,875"
南江县,511922,"467,609"
平昌县,511923,"658,644"
达州市,511700,"5,385,422"
通川区,511702,"905,678"
达川区,511703,"945,191"
宣汉县,511722,"954,090"
开江县,511723,"414,310"
大竹县,511724,"841,960"
渠县,511725,"917,508"
万源市,511781,"406,685"
资阳市,512000,"2,308,631"
雁江区,512002,"867,119"
安岳县,512021,"950,939"
乐至县,512022,"490,573"
眉山市,511400,"2,955,219"
东坡区,511402,"904,412"
彭山区,511403,"328,236"
仁寿县,511421,"1,110,017"
洪雅县,511423,"295,744"
丹棱县,511424,"148,820"
青神县,511425,"167,990"
雅安市,511800,"1,434,603"
雨城区,511802,"368,909"
名山区,511803,"254,632"
荥经县,511822,"131,491"
汉源县,511823,"285,558"
石棉县,511824,"114,116"
天全县,511825,"132,033"
芦山县,511826,"99,824"
宝兴县,511827,"48,040"
贵阳市,520100,"5,987,018"
南明区,520102,"1,047,792"
云岩区,520103,"1,056,819"
花溪区,520111,"966,276"
乌当区,520112,"336,363"
白云区,520113,"456,250"
观山湖区,520115,"642,634"
开阳县,520121,"343,871"
息烽县,520122,"219,835"
修文县,520123,"288,090"
清镇市,520181,"629,088"
六盘水市,520200,"3,031,602"
钟山区,520201,"674,249"
六枝特区,520203,"536,873"
水城区,520204,"746,407"
盘州市,520281,"1,074,073"
遵义市,520300,"6,606,675"
红花岗区,520302,"971,337"
汇川区,520303,"627,721"
播州区,520304,"761,491"
桐梓县,520322,"529,471"
绥阳县,520323,"379,677"
正安县,520324,"396,159"
道真仡佬族苗族自治县,520325,"243,846"
务川仡佬族苗族自治县,520326,"308,466"
凤冈县,520327,"304,156"
湄潭县,520328,"372,865"
余庆县,520329,"223,952"
习水县,520330,"584,947"
赤水市,520381,"247,287"
仁怀市,520382,"655,300"
安顺市,520400,"2,470,630"
西秀区,520402,"870,441"
平坝区,520403,"347,060"
普定县,520422,"376,285"
镇宁布依族苗族自治县,520423,"299,696"
关岭布依族苗族自治县,520424,"283,497"
紫云苗族布依族自治县,520425,"293,651"
毕节市,520500,"6,899,636"
七星关区,520502,"1,305,066"
大方县,520521,"857,578"
金沙县,520523,"544,033"
织金县,520524,"815,661"
纳雍县,520525,"716,703"
威宁彝族回族苗族自治县,520526,"1,280,116"
赫章县,520527,"648,471"
黔西市,520581,"732,008"
铜仁市,520600,"3,298,468"
碧江区,520602,"442,076"
万山区,520603,"160,624"
江口县,520621,"184,764"
玉屏侗族自治县,520622,"150,457"
石阡县,520623,"297,086"
思南县,520624,"457,745"
印江土家族苗族自治县,520625,"294,490"
德江县,520626,"393,596"
沿河土家族自治县,520627,"429,893"
松桃苗族自治县,520628,"487,737"
昆明市,530100,"8,460,088"
五华区,530102,"1,143,085"
盘龙区,530103,"987,955"
官渡区,530111,"1,602,279"
西山区,530112,"960,746"
东川区,530113,"270,644"
呈贡区,530114,"649,501"
晋宁区,530115,"346,268"
富民县,530124,"149,506"
宜良县,530125,"384,875"
石林彝族自治县,530126,"240,827"
嵩明县,530127,"410,929"
禄劝彝族苗族自治县,530128,"378,881"
寻甸回族彝族自治县,530129,"460,739"
安宁市,530181,"483,753"
曲靖市,530300,"5,765,775"
麒麟区,530302,"996,279"
沾益区,530303,"405,305"
马龙区,530304,"193,137"
陆良县,530322,"599,266"
师宗县,530323,"376,902"
罗平县,530324,"535,565"
富源县,530325,"675,229"
会泽县,530326,"794,279"
宣威市,530381,"1,189,813"
玉溪市,530400,"2,249,502"
红塔区,530402,"588,738"
江川区,530403,"253,295"
通海县,530423,"289,891"
华宁县,530424,"190,425"
易门县,530425,"151,671"
峨山彝族自治县,530426,"143,903"
新平彝族傣族自治县,530427,"262,771"
元江哈尼族彝族傣族自治县,530428,"195,647"
澄江市,530481,"173,161"
丽江市,530700,"1,253,878"
古城区,530702,"288,787"
玉龙纳西族自治县,530721,"224,039"
永胜县,530722,"336,832"
华坪县,530723,"159,695"
宁蒗彝族自治县,530724,"244,525"
昭通市,530600,"5,092,611"
昭阳区,530602,"911,766"
鲁甸县,530621,"398,447"
巧家县,530622,"462,173"
盐津县,530623,"317,463"
大关县,530624,"209,116"
永善县,530625,"349,157"
绥江县,530626,"135,468"
镇雄县,530627,"1,349,795"
彝良县,530628,"503,376"
威信县,530629,"352,318"
水富市,530681,"103,532"
普洱市,530800,"2,404,954"
思茅区,530802,"416,188"
宁洱哈尼族彝族自治县,530821,"162,711"
墨江哈尼族自治县,530822,"281,554"
景东彝族自治县,530823,"303,109"
景谷傣族彝族自治县,530824,"277,417"
镇沅彝族哈尼族拉祜族自治县,530825,"179,503"
江城哈尼族彝族自治县,530826,"111,033"
孟连傣族拉祜族佤族自治县,530827,"144,693"
澜沧拉祜族自治县,530828,"441,455"
西盟佤族自治县,530829,"87,291"
临沧市,530900,"2,257,991"
临翔区,530902,"370,947"
凤庆县,530921,"385,420"
云县,530922,"389,180"
永德县,530923,"328,864"
镇康县,530924,"172,879"
双江拉祜族佤族布朗族傣族自治县,530925,"164,756"
耿马傣族佤族自治县,530926,"285,683"
沧源佤族自治县,530927,"160,262"
保山市,530500,"2,431,211"
隆阳区,530502,"903,081"
施甸县,530521,"293,022"
龙陵县,530523,"272,769"
昌宁县,530524,"319,858"
腾冲市,530581,"642,481"
延安市,610600,"2,282,581"
宝塔区,610602,"640,951"
安塞区,610603,"163,135"
延长县,610621,"117,965"
延川县,610622,"139,713"
志丹县,610625,"155,129"
吴起县,610626,"146,167"
甘泉县,610627,"76,929"
富县,610628,"142,891"
洛川县,610629,"201,663"
宜川县,610630,"112,090"
黄龙县,610631,"41,198"
黄陵县,610632,"127,015"
子长市,610681,"217,735"
铜川市,610200,"803,700"
王益区,610202,"174,500"
印台区,610203,"189,500"
耀州区,610204,"349,600"
宜君县,610222,"90,100"
渭南市,610500,"4,688,744"
临渭区,610502,"920,044"
华州区,610503,"268,620"
潼关县,610522,"125,317"
大荔县,610523,"592,888"
合阳县,610524,"360,683"
澄城县,610525,"304,089"
蒲城县,610526,"662,603"
白水县,610527,"223,832"
富平县,610528,"642,452"
韩城市,610581,"383,097"
华阴市,610582,"205,119"
咸阳市,610400,"4,983,340"
秦都区,610402,"834,374"
杨陵区,610403,"253,871"
渭城区,610404,"490,238"
三原县,610422,"357,250"
泾阳县,610423,"450,204"
乾县,610424,"456,680"
礼泉县,610425,"365,555"
永寿县,610426,"160,230"
长武县,610428,"148,404"
旬邑县,610429,"211,932"
淳化县,610430,"141,756"
武功县,610431,"317,733"
兴平市,610481,"494,887"
彬州市,610482,"300,226"
宝鸡市,610300,"3,321,853"
渭滨区,610302,"535,833"
金台区,610303,"460,950"
陈仓区,610304,"479,179"
凤翔区,610305,"386,156"
岐山县,610323,"365,209"
扶风县,610324,"313,231"
眉县,610326,"281,211"
陇县,610327,"208,482"
千阳县,610328,"99,510"
麟游县,610329,"73,297"
凤县,610330,"79,165"
太白县,610331,"39,630"
汉中市,610700,"3,211,462"
汉台区,610702,"618,204"
南郑区,610703,"466,244"
城固县,610722,"442,035"
洋县,610723,"345,354"
西乡县,610724,"321,535"
勉县,610725,"344,935"
宁强县,610726,"256,373"
略阳县,610727,"143,989"
镇巴县,610728,"210,871"
留坝县,610729,"35,325"
佛坪县,610730,"26,597"
榆林市,610800,"3,624,750"
榆阳区,610802,"967,639"
横山区,610803,"283,918"
府谷县,610822,"255,397"
靖边县,610824,"389,002"
定边县,610825,"339,077"
绥德县,610826,"255,294"
米脂县,610827,"141,324"
佳县,610828,"113,035"
吴堡县,610829,"53,938"
清涧县,610830,"115,645"
子洲县,610831,"138,612"
神木市,610881,"571,869"
商洛市,611000,"2,041,231"
商州区,611002,"472,978"
洛南县,611021,"365,736"
丹凤县,611022,"247,259"
商南县,611023,"203,796"
山阳县,611024,"359,967"
镇安县,611025,"253,786"
柞水县,611026,"137,709"
安康市,610900,"2,493,436"
汉滨区,610902,"894,853"
汉阴县,610921,"240,188"
石泉县,610922,"153,221"
宁陕县,610923,"59,905"
紫阳县,610924,"260,971"
岚皋县,610925,"135,006"
平利县,610926,"181,286"
镇坪县,610927,"47,356"
白河县,610929,"162,774"
旬阳市,610981,"357,876"
兰州市,620100,"4,359,446"
城关区,620102,"1,484,016"
七里河区,620103,"712,271"
西固区,620104,"407,010"
安宁区,620105,"439,566"
红古区,620111,"143,795"
永登县,620121,"484,442"
皋兰县,620122,"214,464"
榆中县,620123,"473,882"
嘉峪关市,620200,231853
金昌市,620300,"438,026"
金川区,620302,"260,385"
永昌县,620321,"177,641"
白银市,620400,"1,512,110"
白银区,620402,"337,645"
平川区,620403,"200,869"
靖远县,620421,"373,050"
会宁县,620422,"401,581"
景泰县,620423,"198,965"
天水市,620500,"2,984,659"
秦州区,620502,"656,689"
麦积区,620503,"556,102"
清水县,620521,"240,597"
秦安县,620522,"416,337"
甘谷县,620523,"506,801"
武山县,620524,"363,727"
张家川回族自治县,620525,"244,406"
酒泉市,620900,"1,055,706"
肃州区,620902,"455,611"
金塔县,620921,"121,766"
瓜州县,620922,"129,299"
肃北蒙古族自治县,620923,"15,093"
阿克塞哈萨克族自治县,620924,"10,970"
玉门市,620981,"137,736"
敦煌市,620982,"185,231"
张掖市,620700,"1,131,016"
甘州区,620702,"519,096"
肃南裕固族自治县,620721,"27,762"
民乐县,620722,"192,476"
临泽县,620723,"115,946"
高台县,620724,"125,705"
山丹县,620725,"150,031"
武威市,620600,"1,464,955"
凉州区,620602,"885,277"
民勤县,620621,"178,470"
古浪县,620622,"250,177"
天祝藏族自治县,620623,"151,031"
庆阳市,621000,"2,179,716"
西峰区,621002,"513,856"
庆城县,621021,"235,154"
环县,621022,"304,687"
华池县,621023,"119,346"
合水县,621024,"135,908"
正宁县,621025,"173,243"
宁县,621026,"336,316"
镇原县,621027,"361,206"
平凉市,620800,"1,848,607"
崆峒区,620802,"504,265"
泾川县,620821,"222,210"
灵台县,620822,"156,224"
崇信县,620823,"82,138"
庄浪县,620825,"335,684"
静宁县,620826,"365,637"
华亭市,620881,"182,449"
定西市,621100,"2,524,097"
安定区,621102,"422,383"
通渭县,621121,"323,648"
陇西县,621122,"427,373"
渭源县,621123,"277,608"
临洮县,621124,"480,149"
漳县,621125,"167,309"
岷县,621126,"425,627"
陇南市,621200,"2,407,272"
武都区,621202,"546,616"
成县,621221,"241,587"
文县,621222,"196,906"
宕昌县,621223,"254,944"
康县,621224,"162,418"
西和县,621225,"351,069"
礼县,621226,"424,135"
徽县,621227,"189,888"
两当县,621228,"39,709"
西宁市,630100,"2,467,965"
城东区,630102,"489,372"
城中区,630103,"325,813"
城西区,630104,"326,866"
城北区,630105,"417,701"
湟中区,630106,"395,043"
大通回族土族自治县,630121,"403,368"
湟源县,630123,"109,802"
海东市,630200,"1,358,471"
乐都区,630202,"240,949"
平安区,630203,"117,883"
民和回族土族自治县,630222,"326,964"
互助土族自治县,630223,"337,941"
化隆回族自治县,630224,"200,474"
循化撒拉族自治县,630225,"134,260"
拉萨市ལྷ་ས་གྲོང་ཁྱེར།,540100,"554,382"
城关区ཁྲིན་ཀོན་ཆུས།,540102,"219,971"
堆龙德庆区སྟོད་ལུང་བདེ་ཆེན་ཆུས།,540103,"56,790"
达孜区སྟག་རྩེ་ཆུས།,540104,"31,225"
林周县ལྷུན་གྲུབ་རྫོང་།,540121,"64,555"
当雄县འདམ་གཞུང་རྫོང་།,540122,"54,373"
尼木县སྙེ་མོ་རྫོང་།,540123,"34,470"
曲水县ཆུ་ཤུར་རྫོང་།,540124,"37,038"
墨竹工卡县མལ་གྲོ་གུང་དཀར་རྫོང་།,540127,"55,960"
日喀则市གཞིས་ཀ་རྩེ་གྲོང་ཁྱེར།,540200,"798,153"
桑珠孜區བསམ་འགྲུབ་རྩེ་ཆུས།,540202,"158,290"
南木林县རྣམ་གླིང་རྫོང་།,540221,"83,531"
江孜县རྒྱལ་རྩེ་རྫོང་།,540222,"68,650"
定日县དིང་རི་རྫོང་།,540223,"58,173"
萨迦县ས་སྐྱ་རྫོང་།,540224,"48,766"
拉孜县ལྷ་རྩེ་རྫོང་།,540225,"56,355"
昂仁县ངམ་རིང་རྫོང་།,540226,"55,108"
谢通门县བཞད་མཐོང་སྨོན་རྫོང་།,540227,"45,573"
白朗县པ་སྣམ་རྫོང་།,540228,"44,564"
仁布县རིན་སྤུངས་རྫོང་།,540229,"33,530"
康马县ཁང་དམར་རྫོང་།,540230,"20,864"
定结县གཏིང་སྐྱེས་རྫོང་།,540231,"20,362"
仲巴县འབྲོང་པ་རྫོང་།,540232,"26,897"
亚东县གྲོ་མོ་རྫོང་།,540233,"15,449"
吉隆县སྐྱིད་གྲོང་རྫོང་།,540234,"17,536"
聂拉木县གཉའ་ལམ་རྫོང་།,540235,"17,009"
萨嘎县ས་དགའ་རྫོང་།,540236,"16,220"
岗巴县གམ་པ་རྫོང་།,540237,"11,276"
昌都市ཆབ་མདོ་གྲོང་ཁྱེར།,540300,"760,966"
卡若区མཁར་རོ་ཆུས།,540302,"148,511"
江达县འཇོ་མདའ་རྫོང་།,540321,"92,800"
贡觉县གོ་འཇོ་རྫོང་།,540322,"40,009"
类乌齐县རི་བོ་ཆེ་རྫོང་།,540323,"58,856"
丁青县སྟེང་ཆེན་རྫོང་།,540324,"98,677"
察雅县བྲག་གཡབ་རྫོང་།,540325,"57,065"
八宿县དཔའ་ཤོད་རྫོང་།,540326,"43,538"
左贡县མཛོ་སྒང་རྫོང་།,540327,"46,608"
芒康县སྨར་ཁམས་རྫོང་།,540328,"79,001"
洛隆县ལྷོ་རོང་རྫོང་།,540329,"53,185"
边坝县དཔལ་འབར་རྫོང་།,540330,"42,716"
林芝市ཉིང་ཁྲི་གྲོང་ཁྱེར།,540400,"238,936"
巴宜区བྲག་ཡིབ་ཆུས།,540402,"84,254"
工布江达县ཀོང་པོ་རྒྱ་མདའ་རྫོང་།,540421,"32,874"
米林县སྨན་གླིང་རྫོང་།,540422,"26,176"
墨脱县མེ་ཏོག་རྫོང་།,540423,"14,889"
波密县སྤོ་མེས་རྫོང་།,540424,"34,858"
察隅县རྫ་ཡུལ་རྫོང་།,540425,"28,237"
朗县སྣང་རྫོང་།,540426,"17,648"
山南市ལྷོ་ཁ་གྲོང་ཁྱེར།,540500,"354,035"
乃东区སྣེ་གདོང་ཆུས།,540502,"81,608"
扎囊县གྲ་ནང་རྫོང་།,540521,"36,656"
贡嘎县གོང་དཀར་རྫོང་།,540522,"53,701"
桑日县ཟངས་རི་རྫོང་།,540523,"18,041"
琼结县འཕྱོངས་རྒྱས་རྫོང་།,540524,"15,199"
曲松县ཆུ་གསུམ་རྫོང་།,540525,"12,962"
措美县མཚོ་སྨད་རྫོང་།,540526,"12,132"
洛扎县ལྷོ་བྲག་རྫོང་།,540527,"19,865"
加查县རྒྱ་ཚ་རྫོང་།,540528,"23,534"
隆子县ལྷུན་རྩེ་རྫོང་།,540529,"33,570"
错那县མཚོ་སྣ་རྫོང་།,540530,"13,932"
浪卡子县སྣ་དཀར་རྩེ་རྫོང་།,540531,"32,835"
那曲市ནག་ཆུ་གྲོང་ཁྱེར།,540600,"504,838"
色尼区གསེར་རྙེད་ཆུས།,540602,"104,490"
嘉黎县ལྷ་རི་རྫོང་།,540621,"38,797"
比如县འབྲི་རུ་རྫོང་།,540622,"72,618"
聂荣县སྙན་རོང་རྫོང་།,540623,"35,163"
安多县ཨ་མདོ་རྫོང་།,540624,"39,683"
申扎县ཤན་རྩ་རྫོང་།,540625,"21,768"
索县སོག་རྫོང་།,540626,"52,923"
班戈县དཔལ་མགོན་རྫོང་།,540627,"39,309"
巴青县སྦྲ་ཆེན་རྫོང་།,540628,"56,200"
尼玛县ཉི་མ་རྫོང་།,540629,"33,006"
双湖县མཚོ་གཉིས་རྫོང་།,540630,"10,881"
银川市,640100,"2,859,074"
兴庆区,640104,"808,282"
西夏区,640105,"449,559"
金凤区,640106,"643,952"
永宁县,640121,"321,618"
贺兰县,640122,"341,507"
灵武市,640181,"294,156"
石嘴山市,640200,"751,389"
大武口区,640202,"298,292"
惠农区,640205,"178,891"
平罗县,640221,"274,206"
吴忠市,640300,"1,382,713"
利通区,640302,"460,790"
红寺堡区,640303,"197,604"
盐池县,640323,"159,209"
同心县,640324,"320,801"
青铜峡市,640381,"244,309"
中卫市,640500,"1,067,336"
沙坡头区,640502,"399,796"
中宁县,640521,"334,022"
海原县,640522,"333,518"
固原市,640400,"1,142,142"
原州区,640402,"471,329"
西吉县,640422,"315,827"
隆德县,640423,"109,451"
泾源县,640424,"85,023"
彭阳县,640425,"160,512"
乌鲁木齐市ئۈرۈمچى شەھىرى,650100,"2,222,558"
天山区تەڭرىتاغ رايونى,650102,"460,494"
沙依巴克区سايباغ رايونى,650103,"467,109"
新市区يېڭىشەھەر رايونى,650104,"505,313"
水磨沟区بۇلاقتاغ رايونى,650105,"232,544"
头屯河区تۇدۇڭخابا رايونى,650106,"196,177"
达坂城区داۋانچىڭ رايونى,650107,"32,518"
米东区مىدوڭ رايونى,650109,"275,640"
乌鲁木齐县ئۈرۈمچى ناھىيىسى,650121,"52,763"
克拉玛依市قاراماي شەھىرى,650200,"307,743"
独山子区مايتاغ رايونى,650202,"58,512"
克拉玛依区قاراماي رايونى,650203,"210,582"
白碱滩区جەرەنبۇلاق رايونى,650204,"36,405"
乌尔禾区ئورقۇ رايونى,650205,"2,244"
吐鲁番市تۇرپان شەھىرى,650400,"633,416"
高昌区قاراھوجا رايونى,650402,"290,302"
鄯善县پىچان ناھىيىسى,650421,"223,431"
托克逊县توقسۇن ناھىيىسى,650422,"119,683"
哈密市قۇمۇل شەھىرى,650500,"559,352"
伊州区ئىۋىرغول رايونى,650502,"432,166"
巴里坤哈萨克自治县باركۆل قازاق ئاپتونوم ناھىيىسى,650521,"105,968"
伊吾县ئارا تۈرۈك ناھىيىسى,650522,"21,218"
